{"ci":"coq_dpdgraph","success":[173.704706,180.948174,176.628469,168.740382,185.170109,176.995429],"failed":[177.732755],"mean_success":177.0312115,"mean_failure":177.732755}
{"ci":"reduction_effects","success":[175.01669,181.410612,176.481833,177.299199,181.157452,176.907437,179.77306],"failed":[],"mean_success":178.29232614285712,"mean_failure":null}
{"ci":"coqtail","success":[173.50232,187.664057,172.636619,177.612427,183.608258],"failed":[],"mean_success":179.0047362,"mean_failure":null}
{"ci":"vscoq","success":[187.531212,184.519628,189.869675,179.883778,190.541453,171.862192,187.43485],"failed":[],"mean_success":184.5203982857143,"mean_failure":null}
{"ci":"bigenough","success":[189.501362,174.692065,188.680822,191.322676,189.705159,192.786003],"failed":[],"mean_success":187.78134783333334,"mean_failure":null}
{"ci":"aac_tactics","success":[186.060424,193.283036,181.155161,192.649388,183.946579,188.694022,189.792003],"failed":[],"mean_success":187.9400875714286,"mean_failure":null}
{"ci":"paramcoq","success":[179.350435,193.689403,192.968627,183.636923,192.875458,181.854707,193.32609],"failed":[],"mean_success":188.24309185714287,"mean_failure":null}
{"ci":"autosubst","success":[193.945114,179.249422,182.763973,204.533453,188.870663,191.732805],"failed":[],"mean_success":190.1825716666667,"mean_failure":null}
{"ci":"stdlib2","success":[191.280691,186.589928,198.198025,197.015304,192.158264,191.49798],"failed":[],"mean_success":192.790032,"mean_failure":null}
{"ci":"bbv","success":[203.181627,201.14003,191.612341,193.710736,195.343651,191.908778],"failed":[],"mean_success":196.14952716666667,"mean_failure":null}
{"ci":"coqhammer","success":[205.651839,193.541319,193.651343,197.19075,203.71636,200.39279,209.708792],"failed":[],"mean_success":200.55045614285714,"mean_failure":null}
{"ci":"finmap","success":[194.435486,213.746629,202.205945,208.203726,205.884287,217.874214],"failed":[],"mean_success":207.05838116666666,"mean_failure":null}
{"ci":"lean_importer","success":[225.855122,231.296868,233.452475,218.442097,213.926628,223.574955,221.398194],"failed":[],"mean_success":223.99233414285715,"mean_failure":null}
{"ci":"mathcomp_word","success":[246.96764,232.142589,219.566985,225.492968],"failed":[],"mean_success":231.04254550000002,"mean_failure":null}
{"ci":"argosy","success":[230.513854,235.760799,224.39695,246.764989,244.751221,226.681339],"failed":[],"mean_success":234.81152533333332,"mean_failure":null}
{"ci":"paco","success":[245.50617,251.091766,234.457241,232.012173,232.348043,228.45766],"failed":[],"mean_success":237.3121755,"mean_failure":null}
{"ci":"mczify","success":[243.259227,252.840303,252.476874],"failed":[],"mean_success":249.52546800000002,"mean_failure":null}
{"ci":"tlc","success":[252.563022,263.702394,257.249904,262.260835,245.649971,255.106532],"failed":[],"mean_success":256.0887763333333,"mean_failure":null}
{"ci":"deriving","success":[273.595555,262.439263,248.481302,244.675852],"failed":[],"mean_success":257.297993,"mean_failure":null}
{"ci":"menhir","success":[263.906128,266.479011,244.844245,252.74056,256.837738,279.515412],"failed":[],"mean_success":260.72051566666664,"mean_failure":null}
{"ci":"fcsl_pcm","success":[294.535449,297.906745,289.109707],"failed":[],"mean_success":293.8506336666667,"mean_failure":null}
{"ci":"bignums","success":[305.32098,290.379255,291.377404,290.539959,298.109315,300.914103,294.068569],"failed":[],"mean_success":295.815655,"mean_failure":null}
{"ci":"mtac2","success":[308.855658,299.75594,286.309694,321.990194,323.166756,305.068203,282.461224],"failed":[],"mean_success":303.94395271428573,"mean_failure":null}
{"ci":"coqprime","success":[318.842168,310.306174,306.937625,329.110609,305.7809],"failed":[],"mean_success":314.1954952,"mean_failure":null}
{"ci":"itauto","success":[306.575779,325.463099,328.33391,325.368394,316.126156,318.939156,303.585881],"failed":[],"mean_success":317.77033928571433,"mean_failure":null}
{"ci":"coquelicot","success":[328.550947,336.574621,306.511185],"failed":[],"mean_success":323.87891766666667,"mean_failure":null}
{"ci":"relation_algebra","success":[343.495548,355.764018,343.593734,333.431011,312.135962,337.609688],"failed":[161.484235],"mean_success":337.67166016666664,"mean_failure":161.484235}
{"ci":"plugin_tutorial","success":[342.759126,340.435708,380.906664,362.83346,366.563586,338.334434,346.250523],"failed":[165.122702],"mean_success":354.0119287142857,"mean_failure":165.122702}
{"ci":"flocq","success":[363.355241,369.186845,362.902959,358.926388,360.009539,338.287474],"failed":[],"mean_success":358.7780743333333,"mean_failure":null}
{"ci":"equations","success":[399.843157,421.461474],"failed":[164.415018,180.122874,176.67817,176.391227,170.467591],"mean_success":410.6523155,"mean_failure":173.61497599999998}
{"ci":"math_classes","success":[497.044117,501.91679,512.661049,472.468788,468.956072],"failed":[],"mean_success":490.6093632,"mean_failure":null}
{"ci":"sf","success":[453.369353,502.810172,559.450438,507.085963,463.141402,479.145983],"failed":[],"mean_success":494.1672185,"mean_failure":null}
{"ci":"quickchick","success":[579.48691,508.181321,531.479222,538.806464],"failed":[],"mean_success":539.48847925,"mean_failure":null}
{"ci":"elpi","success":[625.03734,620.810805,634.860386,612.402921,622.473583,599.058634,646.596953],"failed":[],"mean_success":623.0343745714284,"mean_failure":null}
{"ci":"hott","success":[677.246455,644.339127,678.481902,644.182905,776.905099,715.461381],"failed":[],"mean_success":689.4361448333333,"mean_failure":null}
{"ci":"engine_bench","success":[833.586763,796.140664,699.352365,869.07658,724.870767,709.992694],"failed":[],"mean_success":772.1699721666668,"mean_failure":null}
{"ci":"rewriter","success":[855.107665,812.141625,847.65679,809.710515,805.808235],"failed":[182.068113],"mean_success":826.084966,"mean_failure":182.068113}
{"ci":"coq_tools","success":[839.298999,834.359897,832.684465,826.161247,850.235709,865.854182],"failed":[],"mean_success":841.4324164999999,"mean_failure":null}
{"ci":"jasmin","success":[953.997091,835.761997,926.754843,874.354342],"failed":[],"mean_success":897.71706825,"mean_failure":null}
{"ci":"analysis","success":[973.168533,854.065581,881.798618],"failed":[],"mean_success":903.0109106666665,"mean_failure":null}
{"ci":"compcert","success":[1071.356241,913.959273,1003.866595],"failed":[],"mean_success":996.3940363333332,"mean_failure":null}
{"ci":"cross_crypto","success":[973.152105,1010.760956,1022.269329,1098.738484,951.868795,973.082551],"failed":[],"mean_success":1004.9787033333332,"mean_failure":null}
{"ci":"fiat_parsers","success":[1048.309681,995.128146,1004.990981,1020.105836,957.284705,1005.151035],"failed":[176.744285],"mean_success":1005.1617306666667,"mean_failure":176.744285}
{"ci":"mathcomp","success":[1055.385954,1072.431966,1109.289624],"failed":[],"mean_success":1079.0358480000002,"mean_failure":null}
{"ci":"mathcomp_base","success":[1079.097791,1090.054421,1053.713917,1085.523256,1058.613895,1132.702234],"failed":[],"mean_success":1083.2842523333336,"mean_failure":null}
{"ci":"color","success":[1214.317823,1222.766581,1221.907294],"failed":[],"mean_success":1219.6638993333333,"mean_failure":null}
{"ci":"coq_performance_tests","success":[1233.183513,1256.957097,1225.929542,1253.686634,1227.323966,1228.533689],"failed":[],"mean_success":1237.6024068333334,"mean_failure":null}
{"ci":"oddorder","success":[1439.602758,1208.654957,1274.158659],"failed":[],"mean_success":1307.4721246666666,"mean_failure":null}
{"ci":"verdi_raft","success":[1696.643179,1612.253449,1577.18283,1590.931253],"failed":[],"mean_success":1619.25267775,"mean_failure":null}
{"ci":"corn","success":[1780.39327,1777.359747,1765.04036],"failed":[],"mean_success":1774.264459,"mean_failure":null}
{"ci":"geocoq","success":[2071.087505,1789.00615,1771.370631],"failed":[],"mean_success":1877.154762,"mean_failure":null}
{"ci":"category_theory","success":[2220.177514],"failed":[],"mean_success":2220.177514,