{"name":"aac-tactics","ave_duration":196.69862202441615,"ave_success_duration":197.29545160280875,"ave_failed_duration":167.99351444444437}
{"name":"analysis","ave_duration":768.9036001152895,"ave_success_duration":776.2713226167745,"ave_failed_duration":357.5383722857143}
{"name":"argosy","ave_duration":240.095964165843,"ave_success_duration":241.86632591315382,"ave_failed_duration":184.4179717662337}
{"name":"autosubst","ave_duration":203.28682675783193,"ave_success_duration":203.71949672138769,"ave_failed_duration":179.27238376744188}
{"name":"bbv","ave_duration":208.82928741286702,"ave_success_duration":209.62813903244444,"ave_failed_duration":173.39327043137254}
{"name":"bedrock2","ave_duration":4283.035420019126,"ave_success_duration":4590.702125926987,"ave_failed_duration":1242.2076924267253}
{"name":"bigenough","ave_duration":200.45402905308669,"ave_success_duration":200.49222895942054,"ave_failed_duration":204.78644091666663}
{"name":"bignums","ave_duration":301.070504519818,"ave_success_duration":303.50069475710717,"ave_failed_duration":208.74134634782607}
{"name":"category-theory","ave_duration":3172.177512366133,"ave_success_duration":3255.5051508068805,"ave_failed_duration":1516.105941483146}
{"name":"color","ave_duration":1195.2504375598828,"ave_success_duration":1211.1114394540746,"ave_failed_duration":660.0434131833332}
{"name":"compcert","ave_duration":969.9256853668477,"ave_success_duration":983.530008300111,"ave_failed_duration":587.9173872727268}
{"name":"coq-dpdgraph","ave_duration":191.32883980325514,"ave_success_duration":191.8263830988646,"ave_failed_duration":182.10929662222222}
{"name":"coq-performance-tests","ave_duration":1240.010419419322,"ave_success_duration":1209.499077323768,"ave_failed_duration":2284.5252121208796}
{"name":"coq-tools","ave_duration":952.517568175034,"ave_success_duration":868.8097757833214,"ave_failed_duration":4286.654102048386}
{"name":"coqhammer","ave_duration":219.08087351701155,"ave_success_duration":219.93612132948374,"ave_failed_duration":191.39050638461535}
{"name":"coqprime","ave_duration":382.47693384507323,"ave_success_duration":384.8208586632469,"ave_failed_duration":237.1213650277778}
{"name":"coqtail","ave_duration":188.00867685046182,"ave_success_duration":187.95476242707235,"ave_failed_duration":167.2196072631579}
{"name":"coquelicot","ave_duration":324.99304843517825,"ave_success_duration":326.69124244366446,"ave_failed_duration":207.55055514285718}
{"name":"corn","ave_duration":1747.1078672186443,"ave_success_duration":1769.7165702429504,"ave_failed_duration":953.7830874893621}
{"name":"cross-crypto","ave_duration":1083.263752510948,"ave_success_duration":1015.1892428583596,"ave_failed_duration":2826.8145535405415}
{"name":"deriving","ave_duration":274.88890815741405,"ave_success_duration":275.60999641314015,"ave_failed_duration":237.3328897619048}
{"name":"elpi","ave_duration":598.9096482738867,"ave_success_duration":577.120422868392,"ave_failed_duration":822.9046066590909}
{"name":"engine-bench","ave_duration":762.6842763323899,"ave_success_duration":765.3305364471099,"ave_failed_duration":721.2009705967743}
{"name":"equations","ave_duration":412.73467936929643,"ave_success_duration":424.1612545828979,"ave_failed_duration":209.8150947482519}
{"name":"fcsl-pcm","ave_duration":316.22280656955644,"ave_success_duration":317.8468789108734,"ave_failed_duration":215.49161730769237}
{"name":"fiat-crypto","ave_duration":8454.880902233386,"ave_success_duration":8772.241790516793,"ave_failed_duration":5567.522252170213}
{"name":"fiat-crypto-legacy","ave_duration":3866.09703325464,"ave_success_duration":4051.4024977686763,"ave_failed_duration":742.8216641068707}
{"name":"fiat-crypto-ocaml","ave_duration":2081.7362696917103,"ave_success_duration":2135.962972917487,"ave_failed_duration":1494.7190454514555}
{"name":"fiat-parsers","ave_duration":1000.3816051262811,"ave_success_duration":1040.0601961725538,"ave_failed_duration":352.8067920469798}
{"name":"finmap","ave_duration":225.82342075616768,"ave_success_duration":226.22566867938605,"ave_failed_duration":184.11669922222222}
{"name":"flocq","ave_duration":370.62079999964897,"ave_success_duration":374.46728627660275,"ave_failed_duration":193.3219966964285}
{"name":"flocq3","ave_duration":368.26101645406527,"ave_success_duration":373.71734796517933,"ave_failed_duration":184.823526875}
{"name":"fourcolor","ave_duration":2921.981291079529,"ave_success_duration":2950.477000880455,"ave_failed_duration":98.96809579999997}
{"name":"gappa","ave_duration":328.663506929832,"ave_success_duration":330.26544245508063,"ave_failed_duration":304.83123554464277}
{"name":"geocoq","ave_duration":1804.7971731703644,"ave_success_duration":1828.9959609892273,"ave_failed_duration":521.7467141750001}
{"name":"hott","ave_duration":680.9916609692899,"ave_success_duration":695.2873575938071,"ave_failed_duration":363.2649830277777}
{"name":"iris","ave_duration":2223.424881734016,"ave_success_duration":2318.2019486747404,"ave_failed_duration":603.7719012671756}
{"name":"itauto","ave_duration":329.18908445331994,"ave_success_duration":332.04671117657864,"ave_failed_duration":232.71434819999993}
{"name":"jasmin","ave_duration":987.685977592566,"ave_success_duration":1004.229302366591,"ave_failed_duration":580.316125604651}
{"name":"lean-importer","ave_duration":284.7955001468357,"ave_success_duration":230.6895758020836,"ave_failed_duration":2616.958573555555}
{"name":"math-classes","ave_duration":499.72586668334554,"ave_success_duration":503.5610396627532,"ave_failed_duration":311.59808475555565}
{"name":"mathcomp","ave_duration":1126.0025886911214,"ave_success_duration":1149.8799898848836,"ave_failed_duration":473.59222105882344}
{"name":"mathcomp-base","ave_duration":1076.9926393836652,"ave_success_duration":1096.9633036676253,"ave_failed_duration":444.8419102580645}
{"name":"mathcomp-word","ave_duration":239.15904326681067,"ave_success_duration":239.76628284110728,"ave_failed_duration":178.380091}
{"name":"mczify","ave_duration":268.6995257902219,"ave_success_duration":269.2050935799921,"ave_failed_duration":217.58753229999996}
{"name":"menhir","ave_duration":259.35502205129995,"ave_success_duration":260.64657266750885,"ave_failed_duration":217.16889198591556}
{"name":"metacoq","ave_duration":2641.4759964659447,"ave_success_duration":2817.61775931758,"ave_failed_duration":775.3692381756099}
{"name":"mtac2","ave_duration":299.0270520690758,"ave_success_duration":305.3106993299515,"ave_failed_duration":198.84709407096767}
{"name":"oddorder","ave_duration":1324.397387755198,"ave_success_duration":1332.246571386171,"ave_failed_duration":263.89863825}
{"name":"paco","ave_duration":244.91500515491748,"ave_success_duration":246.1772913902226,"ave_failed_duration":172.10288446875}
{"name":"paramcoq","ave_duration":199.40852345554364,"ave_success_duration":200.15460474680276,"ave_failed_duration":179.00351856790124}
{"name":"perennial","ave_duration":2261.672001833754,"ave_success_duration":2381.51657148479,"ave_failed_duration":422.4262616233766}
{"name":"plugin-tutorial","ave_duration":341.6676765963608,"ave_success_duration":345.79982603471325,"ave_failed_duration":301.56925153333344}
{"name":"quickchick","ave_duration":526.000852869263,"ave_success_duration":535.5062180683623,"ave_failed_duration":304.8700313396227}
{"name":"reduction-effects","ave_duration":183.86957963023406,"ave_success_duration":184.32287801225658,"ave_failed_duration":160.34134710000004}
{"name":"relation-algebra","ave_duration":341.40272178561304,"ave_success_duration":345.4288644258722,"ave_failed_duration":186.33343918749998}
{"name":"rewriter","ave_duration":886.8133007896375,"ave_success_duration":887.3953440491697,"ave_failed_duration":915.6628886640628}
{"name":"sf","ave_duration":365.3516309964615,"ave_success_duration":369.00322495480833,"ave_failed_duration":202.30790857407408}
{"name":"stdlib2","ave_duration":203.4483344407429,"ave_success_duration":203.94078190071406,