{"name":"aac-tactics","ave_duration":194.64450372033843,"ave_success_duration":196.95948424768403,"ave_failed_duration":137.50045471870385}
{"name":"analysis","ave_duration":768.9036001152895,"ave_success_duration":776.2713226167745,"ave_failed_duration":357.5383722857143}
{"name":"argosy","ave_duration":248.02604306498398,"ave_success_duration":250.1354436477599,"ave_failed_duration":179.95994190849652}
{"name":"autosubst","ave_duration":204.700878677464,"ave_success_duration":205.090987835974,"ave_failed_duration":179.37212893220342}
{"name":"bbv","ave_duration":214.2020238511478,"ave_success_duration":215.3036006746571,"ave_failed_duration":170.23708845416664}
{"name":"bedrock2","ave_duration":4331.379407241532,"ave_success_duration":4621.097476323348,"ave_failed_duration":1781.3916559614288}
{"name":"bigenough","ave_duration":200.45402905308669,"ave_success_duration":200.49222895942054,"ave_failed_duration":204.78644091666663}
{"name":"bignums","ave_duration":290.8196520089041,"ave_success_duration":296.20917178932376,"ave_failed_duration":154.16746988970604}
{"name":"category-theory","ave_duration":3194.631416128867,"ave_success_duration":3293.5659278642684,"ave_failed_duration":1141.3996519999996}
{"name":"color","ave_duration":1137.0366166870651,"ave_success_duration":1170.5554858422906,"ave_failed_duration":275.44402539096586}
{"name":"compcert","ave_duration":1198.24468298556,"ave_success_duration":1215.114140647952,"ave_failed_duration":888.723149192257}
{"name":"coq-dpdgraph","ave_duration":188.33428806162857,"ave_success_duration":190.12145035612954,"ave_failed_duration":151.70842810513142}
{"name":"coq-performance-tests","ave_duration":1113.8983169622566,"ave_success_duration":1106.467170935228,"ave_failed_duration":1506.9000691784506}
{"name":"coq-tools","ave_duration":623.931983995895,"ave_success_duration":599.122878408308,"ave_failed_duration":1326.7310273087426}
{"name":"coqhammer","ave_duration":201.9031818229832,"ave_success_duration":203.51955683303038,"ave_failed_duration":173.9705380282131}
{"name":"coqprime","ave_duration":434.79392222831643,"ave_success_duration":439.8515601883189,"ave_failed_duration":136.5504242864077}
{"name":"coqtail","ave_duration":208.50599093225688,"ave_success_duration":188.18140588237702,"ave_failed_duration":1110.1276193410138}
{"name":"coquelicot","ave_duration":336.5946505634702,"ave_success_duration":340.23738168269637,"ave_failed_duration":259.4895577203605}
{"name":"corn","ave_duration":1813.6738354264335,"ave_success_duration":1873.797867793832,"ave_failed_duration":355.0118714518166}
{"name":"cross-crypto","ave_duration":1661.4509650046457,"ave_success_duration":1695.223232130044,"ave_failed_duration":1042.875029198917}
{"name":"deriving","ave_duration":279.70171547514104,"ave_success_duration":280.8790467741641,"ave_failed_duration":183.42537948611118}
{"name":"elpi","ave_duration":410.0825779752002,"ave_success_duration":401.2994614508591,"ave_failed_duration":496.1746490446194}
{"name":"engine-bench","ave_duration":946.5328224113481,"ave_success_duration":960.0675666581957,"ave_failed_duration":563.8578875821424}
{"name":"equations","ave_duration":426.735658661744,"ave_success_duration":451.2889096578831,"ave_failed_duration":202.38328503271518}
{"name":"fcsl-pcm","ave_duration":301.77406571453395,"ave_success_duration":302.0725627474599,"ave_failed_duration":181.46230394285695}
{"name":"fiat-crypto","ave_duration":5768.185849888327,"ave_success_duration":6116.277569248755,"ave_failed_duration":2793.069454224139}
{"name":"fiat-crypto-legacy","ave_duration":4003.7018002199734,"ave_success_duration":4231.436310325143,"ave_failed_duration":1045.3226814000002}
{"name":"fiat-crypto-ocaml","ave_duration":1574.4150167846683,"ave_success_duration":1615.9737225589417,"ave_failed_duration":850.8074620524178}
{"name":"fiat-parsers","ave_duration":1071.4112927974566,"ave_success_duration":1110.765221966755,"ave_failed_duration":539.0285927495726}
{"name":"finmap","ave_duration":225.82342075616768,"ave_success_duration":226.22566867938605,"ave_failed_duration":184.11669922222222}
{"name":"flocq","ave_duration":497.96776347218434,"ave_success_duration":505.2407324270254,"ave_failed_duration":212.0392752489082}
{"name":"flocq3","ave_duration":368.26101645406527,"ave_success_duration":373.71734796517933,"ave_failed_duration":184.823526875}
{"name":"fourcolor","ave_duration":2871.0656839717562,"ave_success_duration":2908.115256346181,"ave_failed_duration":203.29567776623375}
{"name":"gappa","ave_duration":322.9111867740439,"ave_success_duration":322.22263626588074,"ave_failed_duration":338.7550300281688}
{"name":"geocoq","ave_duration":2144.5182301243285,"ave_success_duration":2219.5759935048372,"ave_failed_duration":487.4210483968257}
{"name":"hott","ave_duration":708.9713793821645,"ave_success_duration":723.01387069752,"ave_failed_duration":352.8003142523558}
{"name":"interval","ave_duration":355.1988278528464,"ave_success_duration":359.8453723179223,"ave_failed_duration":204.89726561016948}
{"name":"iris","ave_duration":2188.673152818334,"ave_success_duration":2290.4433483968696,"ave_failed_duration":647.8660988189133}
{"name":"iris-lambda-rust","ave_duration":2867.0876679312446,"ave_success_duration":3088.7811587210795,"ave_failed_duration":432.70330817229717}
{"name":"itauto","ave_duration":338.34879501634555,"ave_success_duration":339.40393334913824,"ave_failed_duration":326.36722278362555}
{"name":"jasmin","ave_duration":987.685977592566,"ave_success_duration":1004.229302366591,"ave_failed_duration":580.316125604651}
{"name":"lambda-rust","ave_duration":2729.861282371022,"ave_success_duration":2858.000576282329,"ave_failed_duration":462.3069381975308}
{"name":"lean-importer","ave_duration":284.7955001468357,"ave_success_duration":230.6895758020836,"ave_failed_duration":2616.958573555555}
{"name":"ltac2","ave_duration":180.6155899196041,"ave_success_duration":186.49443649379015,"ave_failed_duration":143.98753849838187}
{"name":"math-classes","ave_duration":505.9090665599949,"ave_success_duration":512.8670785171066,"ave_failed_duration":175.63061903597134}
{"name":"math-comp","ave_duration":4919.550355144246,"ave_success_duration":5212.089157130379,"ave_failed_duration":594.8149445866334}
{"name":"mathcomp","ave_duration":2142.8294226634266,"ave_success_duration":2199.597923670838,"ave_failed_duration":674.146681793696}
{"name":"mathcomp-base","ave_duration":1076.9926393836652,"ave_success_duration":1096.9633036676253,"ave_failed_duration":444.8419102580645}
{"name":"mathcomp-word","ave_duration":239.15904326681067,"ave_success_duration":239.76628284110728,"ave_failed_duration":178.380091}
{"name":"mczify","ave_duration":279.0803877188655,"ave_success_duration":279.18819220284263,"ave_failed_duration":275.0646450232559}
{"name":"menhir","ave_duration":253.2626620279,"ave_success_duration":255.57488643715345,"ave_failed_duration":176.81664050462965}
{"name":"metacoq","ave_duration":2257.187583669798,"ave_success_duration":2405.3444298152704,"ave_failed_duration":886.5622220853663}
{"name":"mtac2","ave_duration":283.7418682585082,"ave_success_duration":290.65479797842363,"ave_failed_duration":198.82286735235135}
{"name":"oddorder","ave_duration":1363.066821175974,"ave_success_duration":1377.5073024820808,"ave_failed_duration":124.31580622857143}
{"name":"paco","ave_duration":244.91500515491748,"ave_success_duration":246.1772913902226,"ave_failed_duration":172.10288446875}
{"name":"paramcoq","ave_duration":233.90155028166475,"ave_success_duration":237.4317853496494,"ave_failed_duration":174.63381117801592}
{"name":"perennial","ave_duration":2532.5528382197263,"ave_success_duration":2609.4137960871303,"ave_failed_duration":1451.6341359137714}
{"name":"plugin-tutorial","ave_duration":257.69882018175065,"ave_success_duration":262.5078435887607,"ave_failed_duration":190.61938976470614}
{"name":"quickchick","ave_duration":422.2645055079083,"ave_success_duration":434.7092270197367,